No.,Target,Significant --regex,Best Match Score,Best Match,Best Match Path,2nd Match Score,2nd Match,2nd Match Path,3rd Match Score,3rd Match,3rd Match Path
1,grinnell_3601,None,33,dg_1712600291.jpg,/Users/mcfatem/Library/CloudStorage/OneDrive-GrinnellCollege/CollectionBuilder-Objects,33,dg_1712600281.pdf,/Users/mcfatem/Library/CloudStorage/OneDrive-GrinnellCollege/CollectionBuilder-Objects,33,dg_1712600271.jpg,/Users/mcfatem/Library/CloudStorage/OneDrive-GrinnellCollege/CollectionBuilder-Objects
2,grinnell_3611,None,27,dg_1712600291.jpg,/Users/mcfatem/Library/CloudStorage/OneDrive-GrinnellCollege/CollectionBuilder-Objects,27,dg_1712600281.pdf,/Users/mcfatem/Library/CloudStorage/OneDrive-GrinnellCollege/CollectionBuilder-Objects,27,dg_1712600271.jpg,/Users/mcfatem/Library/CloudStorage/OneDrive-GrinnellCollege/CollectionBuilder-Objects
3,,None,0,NO match,NO match
4,grinnell_5759,None,33,dg_1712600259.pdf,/Users/mcfatem/Library/CloudStorage/OneDrive-GrinnellCollege/CollectionBuilder-Objects,32,dg_1712600259.jpeg,/Users/mcfatem/Library/CloudStorage/OneDrive-GrinnellCollege/CollectionBuilder-Objects/thumbs,32,dg_1712600259.jpeg,/Users/mcfatem/Library/CloudStorage/OneDrive-GrinnellCollege/CollectionBuilder-Objects/smalls
5,grinnell_5760,None,33,dg_1712600284.pdf,/Users/mcfatem/Library/CloudStorage/OneDrive-GrinnellCollege/CollectionBuilder-Objects,33,dg_1712600290.pdf,/Users/mcfatem/Library/CloudStorage/OneDrive-GrinnellCollege/CollectionBuilder-Objects,33,dg_1712600292.jpg,/Users/mcfatem/Library/CloudStorage/OneDrive-GrinnellCollege/CollectionBuilder-Objects
6,grinnell_4962,None,27,dg_1712600292.jpg,/Users/mcfatem/Library/CloudStorage/OneDrive-GrinnellCollege/CollectionBuilder-Objects,27,dg_1712600278.jpg,/Users/mcfatem/Library/CloudStorage/OneDrive-GrinnellCollege/CollectionBuilder-Objects,27,dg_1712600287.pdf,/Users/mcfatem/Library/CloudStorage/OneDrive-GrinnellCollege/CollectionBuilder-Objects
7,dg_1712600285,None,80,dg_1712600284.pdf,/Users/mcfatem/Library/CloudStorage/OneDrive-GrinnellCollege/CollectionBuilder-Objects,80,dg_1712600278.jpg,/Users/mcfatem/Library/CloudStorage/OneDrive-GrinnellCollege/CollectionBuilder-Objects,80,dg_1712600287.pdf,/Users/mcfatem/Library/CloudStorage/OneDrive-GrinnellCollege/CollectionBuilder-Objects
8,dg_1711472907,None,60,dg_1712600290.pdf,/Users/mcfatem/Library/CloudStorage/OneDrive-GrinnellCollege/CollectionBuilder-Objects,53,dg_1712600292.jpg,/Users/mcfatem/Library/CloudStorage/OneDrive-GrinnellCollege/CollectionBuilder-Objects,53,dg_1712600291.jpg,/Users/mcfatem/Library/CloudStorage/OneDrive-GrinnellCollege/CollectionBuilder-Objects
9,dg_1712600284,None,95,dg_1712600284.pdf,/Users/mcfatem/Library/CloudStorage/OneDrive-GrinnellCollege/CollectionBuilder-Objects,80,dg_1712600278.jpg,/Users/mcfatem/Library/CloudStorage/OneDrive-GrinnellCollege/CollectionBuilder-Objects,80,dg_1712600287.pdf,/Users/mcfatem/Library/CloudStorage/OneDrive-GrinnellCollege/CollectionBuilder-Objects
10,dg_1712600287,None,95,dg_1712600287.pdf,/Users/mcfatem/Library/CloudStorage/OneDrive-GrinnellCollege/CollectionBuilder-Objects,80,dg_1712600284.pdf,/Users/mcfatem/Library/CloudStorage/OneDrive-GrinnellCollege/CollectionBuilder-Objects,80,dg_1712600278.jpg,/Users/mcfatem/Library/CloudStorage/OneDrive-GrinnellCollege/CollectionBuilder-Objects
11,dg_1712600259,None,95,dg_1712600259.pdf,/Users/mcfatem/Library/CloudStorage/OneDrive-GrinnellCollege/CollectionBuilder-Objects,95,dg_1712600259.jpeg,/Users/mcfatem/Library/CloudStorage/OneDrive-GrinnellCollege/CollectionBuilder-Objects/thumbs,95,dg_1712600259.jpeg,/Users/mcfatem/Library/CloudStorage/OneDrive-GrinnellCollege/CollectionBuilder-Objects/smalls
12,dg_1712600280,None,95,dg_1712600280.pdf,/Users/mcfatem/Library/CloudStorage/OneDrive-GrinnellCollege/CollectionBuilder-Objects,80,dg_1712600284.pdf,/Users/mcfatem/Library/CloudStorage/OneDrive-GrinnellCollege/CollectionBuilder-Objects,80,dg_1712600290.pdf,/Users/mcfatem/Library/CloudStorage/OneDrive-GrinnellCollege/CollectionBuilder-Objects
13,dg_1712600288,None,80,dg_1712600284.pdf,/Users/mcfatem/Library/CloudStorage/OneDrive-GrinnellCollege/CollectionBuilder-Objects,80,dg_1712600278.jpg,/Users/mcfatem/Library/CloudStorage/OneDrive-GrinnellCollege/CollectionBuilder-Objects,80,dg_1712600287.pdf,/Users/mcfatem/Library/CloudStorage/OneDrive-GrinnellCollege/CollectionBuilder-Objects
14,dg_1712600290,None,95,dg_1712600290.pdf,/Users/mcfatem/Library/CloudStorage/OneDrive-GrinnellCollege/CollectionBuilder-Objects,80,dg_1712600292.jpg,/Users/mcfatem/Library/CloudStorage/OneDrive-GrinnellCollege/CollectionBuilder-Objects,80,dg_1712600291.jpg,/Users/mcfatem/Library/CloudStorage/OneDrive-GrinnellCollege/CollectionBuilder-Objects
15,dg_1712600263,None,95,dg_1712600263.pdf,/Users/mcfatem/Library/CloudStorage/OneDrive-GrinnellCollege/CollectionBuilder-Objects,95,dg_1712600263.jpeg,/Users/mcfatem/Library/CloudStorage/OneDrive-GrinnellCollege/CollectionBuilder-Objects/thumbs,95,dg_1712600263.jpeg,/Users/mcfatem/Library/CloudStorage/OneDrive-GrinnellCollege/CollectionBuilder-Objects/smalls
16,grinnell_5003,None,33,dg_1712600283.pdf,/Users/mcfatem/Library/CloudStorage/OneDrive-GrinnellCollege/CollectionBuilder-Objects,33,dg_1712600273.jpg,/Users/mcfatem/Library/CloudStorage/OneDrive-GrinnellCollege/CollectionBuilder-Objects,33,dg_1712600263.pdf,/Users/mcfatem/Library/CloudStorage/OneDrive-GrinnellCollege/CollectionBuilder-Objects
17,dg_1712600283,None,95,dg_1712600283.pdf,/Users/mcfatem/Library/CloudStorage/OneDrive-GrinnellCollege/CollectionBuilder-Objects,80,dg_1712600284.pdf,/Users/mcfatem/Library/CloudStorage/OneDrive-GrinnellCollege/CollectionBuilder-Objects,80,dg_1712600278.jpg,/Users/mcfatem/Library/CloudStorage/OneDrive-GrinnellCollege/CollectionBuilder-Objects
18,dg_1711470539,None,60,dg_1712600259.pdf,/Users/mcfatem/Library/CloudStorage/OneDrive-GrinnellCollege/CollectionBuilder-Objects,58,dg_1712600259.jpeg,/Users/mcfatem/Library/CloudStorage/OneDrive-GrinnellCollege/CollectionBuilder-Objects/thumbs,58,dg_1712600259.jpeg,/Users/mcfatem/Library/CloudStorage/OneDrive-GrinnellCollege/CollectionBuilder-Objects/smalls
19,dg_1712600278,None,95,dg_1712600278.jpg,/Users/mcfatem/Library/CloudStorage/OneDrive-GrinnellCollege/CollectionBuilder-Objects,95,dg_1712600278.jpeg,/Users/mcfatem/Library/CloudStorage/OneDrive-GrinnellCollege/CollectionBuilder-Objects/thumbs,95,dg_1712600278.jpeg,/Users/mcfatem/Library/CloudStorage/OneDrive-GrinnellCollege/CollectionBuilder-Objects/smalls
20,dg_1712600261,None,95,dg_1712600261.pdf,/Users/mcfatem/Library/CloudStorage/OneDrive-GrinnellCollege/CollectionBuilder-Objects,95,dg_1712600261.jpeg,/Users/mcfatem/Library/CloudStorage/OneDrive-GrinnellCollege/CollectionBuilder-Objects/thumbs,95,dg_1712600261.jpeg,/Users/mcfatem/Library/CloudStorage/OneDrive-GrinnellCollege/CollectionBuilder-Objects/smalls
21,dg_1712600262,None,95,dg_1712600262.pdf,/Users/mcfatem/Library/CloudStorage/OneDrive-GrinnellCollege/CollectionBuilder-Objects,95,dg_1712600262.jpeg,/Users/mcfatem/Library/CloudStorage/OneDrive-GrinnellCollege/CollectionBuilder-Objects/thumbs,95,dg_1712600262.jpeg,/Users/mcfatem/Library/CloudStorage/OneDrive-GrinnellCollege/CollectionBuilder-Objects/smalls
22,dg_1712600264,None,95,dg_1712600264.pdf,/Users/mcfatem/Library/CloudStorage/OneDrive-GrinnellCollege/CollectionBuilder-Objects,95,dg_1712600264.jpeg,/Users/mcfatem/Library/CloudStorage/OneDrive-GrinnellCollege/CollectionBuilder-Objects/thumbs,95,dg_1712600264.jpeg,/Users/mcfatem/Library/CloudStorage/OneDrive-GrinnellCollege/CollectionBuilder-Objects/smalls
23,dg_1712600265,None,95,dg_1712600265.pdf,/Users/mcfatem/Library/CloudStorage/OneDrive-GrinnellCollege/CollectionBuilder-Objects,95,dg_1712600265.jpeg,/Users/mcfatem/Library/CloudStorage/OneDrive-GrinnellCollege/CollectionBuilder-Objects/thumbs,95,dg_1712600265.jpeg,/Users/mcfatem/Library/CloudStorage/OneDrive-GrinnellCollege/CollectionBuilder-Objects/smalls
24,dg_1712600267,None,95,dg_1712600267.pdf,/Users/mcfatem/Library/CloudStorage/OneDrive-GrinnellCollege/CollectionBuilder-Objects,95,dg_1712600267.jpeg,/Users/mcfatem/Library/CloudStorage/OneDrive-GrinnellCollege/CollectionBuilder-Objects/thumbs,95,dg_1712600267.jpeg,/Users/mcfatem/Library/CloudStorage/OneDrive-GrinnellCollege/CollectionBuilder-Objects/smalls
25,grinnell_5045,None,27,dg_1712600284.pdf,/Users/mcfatem/Library/CloudStorage/OneDrive-GrinnellCollege/CollectionBuilder-Objects,27,dg_1712600264.pdf,/Users/mcfatem/Library/CloudStorage/OneDrive-GrinnellCollege/CollectionBuilder-Objects,27,dg_1712600274.jpg,/Users/mcfatem/Library/CloudStorage/OneDrive-GrinnellCollege/CollectionBuilder-Objects
26,grinnell_5768,None,33,dg_1712600284.pdf,/Users/mcfatem/Library/CloudStorage/OneDrive-GrinnellCollege/CollectionBuilder-Objects,33,dg_1712600278.jpg,/Users/mcfatem/Library/CloudStorage/OneDrive-GrinnellCollege/CollectionBuilder-Objects,33,dg_1712600287.pdf,/Users/mcfatem/Library/CloudStorage/OneDrive-GrinnellCollege/CollectionBuilder-Objects
27,grinnell_5770,None,33,dg_1712600270.jpg,/Users/mcfatem/Library/CloudStorage/OneDrive-GrinnellCollege/CollectionBuilder-Objects,32,dg_1712600270.jpeg,/Users/mcfatem/Library/CloudStorage/OneDrive-GrinnellCollege/CollectionBuilder-Objects/thumbs,32,dg_1712600270.jpeg,/Users/mcfatem/Library/CloudStorage/OneDrive-GrinnellCollege/CollectionBuilder-Objects/smalls
28,dg_1712600282,None,95,dg_1712600282.pdf,/Users/mcfatem/Library/CloudStorage/OneDrive-GrinnellCollege/CollectionBuilder-Objects,80,dg_1712600284.pdf,/Users/mcfatem/Library/CloudStorage/OneDrive-GrinnellCollege/CollectionBuilder-Objects,80,dg_1712600292.jpg,/Users/mcfatem/Library/CloudStorage/OneDrive-GrinnellCollege/CollectionBuilder-Objects
29,dg_1712600281,None,95,dg_1712600281.pdf,/Users/mcfatem/Library/CloudStorage/OneDrive-GrinnellCollege/CollectionBuilder-Objects,80,dg_1712600284.pdf,/Users/mcfatem/Library/CloudStorage/OneDrive-GrinnellCollege/CollectionBuilder-Objects,80,dg_1712600278.jpg,/Users/mcfatem/Library/CloudStorage/OneDrive-GrinnellCollege/CollectionBuilder-Objects
30,dg_1712600279,None,95,dg_1712600279.pdf,/Users/mcfatem/Library/CloudStorage/OneDrive-GrinnellCollege/CollectionBuilder-Objects,80,dg_1712600290.pdf,/Users/mcfatem/Library/CloudStorage/OneDrive-GrinnellCollege/CollectionBuilder-Objects,80,dg_1712600292.jpg,/Users/mcfatem/Library/CloudStorage/OneDrive-GrinnellCollege/CollectionBuilder-Objects
31,grinnell_4957,None,20,dg_1712600284.pdf,/Users/mcfatem/Library/CloudStorage/OneDrive-GrinnellCollege/CollectionBuilder-Objects,20,dg_1712600290.pdf,/Users/mcfatem/Library/CloudStorage/OneDrive-GrinnellCollege/CollectionBuilder-Objects,20,dg_1712600292.jpg,/Users/mcfatem/Library/CloudStorage/OneDrive-GrinnellCollege/CollectionBuilder-Objects
32,grinnell_10556,None,32,dg_1712600268.pdf,/Users/mcfatem/Library/CloudStorage/OneDrive-GrinnellCollege/CollectionBuilder-Objects,32,dg_1712600269.jpg,/Users/mcfatem/Library/CloudStorage/OneDrive-GrinnellCollege/CollectionBuilder-Objects,32,dg_1712600267.pdf,/Users/mcfatem/Library/CloudStorage/OneDrive-GrinnellCollege/CollectionBuilder-Objects
33,grinnell_10557,None,32,dg_1712600278.jpg,/Users/mcfatem/Library/CloudStorage/OneDrive-GrinnellCollege/CollectionBuilder-Objects,32,dg_1712600287.pdf,/Users/mcfatem/Library/CloudStorage/OneDrive-GrinnellCollege/CollectionBuilder-Objects,32,dg_1712600279.pdf,/Users/mcfatem/Library/CloudStorage/OneDrive-GrinnellCollege/CollectionBuilder-Objects
34,grinnell_10558,None,32,dg_1712600284.pdf,/Users/mcfatem/Library/CloudStorage/OneDrive-GrinnellCollege/CollectionBuilder-Objects,32,dg_1712600278.jpg,/Users/mcfatem/Library/CloudStorage/OneDrive-GrinnellCollege/CollectionBuilder-Objects,32,dg_1712600287.pdf,/Users/mcfatem/Library/CloudStorage/OneDrive-GrinnellCollege/CollectionBuilder-Objects
35,grinnell_10559,None,39,dg_1712600259.pdf,/Users/mcfatem/Library/CloudStorage/OneDrive-GrinnellCollege/CollectionBuilder-Objects,38,dg_1712600259.jpeg,/Users/mcfatem/Library/CloudStorage/OneDrive-GrinnellCollege/CollectionBuilder-Objects/thumbs,38,dg_1712600259.jpeg,/Users/mcfatem/Library/CloudStorage/OneDrive-GrinnellCollege/CollectionBuilder-Objects/smalls
36,grinnell_10560,None,32,dg_1712600284.pdf,/Users/mcfatem/Library/CloudStorage/OneDrive-GrinnellCollege/CollectionBuilder-Objects,32,dg_1712600290.pdf,/Users/mcfatem/Library/CloudStorage/OneDrive-GrinnellCollege/CollectionBuilder-Objects,32,dg_1712600292.jpg,/Users/mcfatem/Library/CloudStorage/OneDrive-GrinnellCollege/CollectionBuilder-Objects
37,grinnell_10561,None,39,dg_1712600261.pdf,/Users/mcfatem/Library/CloudStorage/OneDrive-GrinnellCollege/CollectionBuilder-Objects,38,dg_1712600261.jpeg,/Users/mcfatem/Library/CloudStorage/OneDrive-GrinnellCollege/CollectionBuilder-Objects/thumbs,38,dg_1712600261.jpeg,/Users/mcfatem/Library/CloudStorage/OneDrive-GrinnellCollege/CollectionBuilder-Objects/smalls
38,grinnell_10562,None,39,dg_1712600262.pdf,/Users/mcfatem/Library/CloudStorage/OneDrive-GrinnellCollege/CollectionBuilder-Objects,38,dg_1712600262.jpeg,/Users/mcfatem/Library/CloudStorage/OneDrive-GrinnellCollege/CollectionBuilder-Objects/thumbs,38,dg_1712600262.jpeg,/Users/mcfatem/Library/CloudStorage/OneDrive-GrinnellCollege/CollectionBuilder-Objects/smalls
39,grinnell_10563,None,39,dg_1712600263.pdf,/Users/mcfatem/Library/CloudStorage/OneDrive-GrinnellCollege/CollectionBuilder-Objects,38,dg_1712600263.jpeg,/Users/mcfatem/Library/CloudStorage/OneDrive-GrinnellCollege/CollectionBuilder-Objects/thumbs,38,dg_1712600263.jpeg,/Users/mcfatem/Library/CloudStorage/OneDrive-GrinnellCollege/CollectionBuilder-Objects/smalls
40,grinnell_10564,None,39,dg_1712600264.pdf,/Users/mcfatem/Library/CloudStorage/OneDrive-GrinnellCollege/CollectionBuilder-Objects,38,dg_1712600264.jpeg,/Users/mcfatem/Library/CloudStorage/OneDrive-GrinnellCollege/CollectionBuilder-Objects/thumbs,38,dg_1712600264.jpeg,/Users/mcfatem/Library/CloudStorage/OneDrive-GrinnellCollege/CollectionBuilder-Objects/smalls
41,grinnell_10565,None,39,dg_1712600265.pdf,/Users/mcfatem/Library/CloudStorage/OneDrive-GrinnellCollege/CollectionBuilder-Objects,38,dg_1712600265.jpeg,/Users/mcfatem/Library/CloudStorage/OneDrive-GrinnellCollege/CollectionBuilder-Objects/thumbs,38,dg_1712600265.jpeg,/Users/mcfatem/Library/CloudStorage/OneDrive-GrinnellCollege/CollectionBuilder-Objects/smalls
42,grinnell_10566,None,32,dg_1712600268.pdf,/Users/mcfatem/Library/CloudStorage/OneDrive-GrinnellCollege/CollectionBuilder-Objects,32,dg_1712600269.jpg,/Users/mcfatem/Library/CloudStorage/OneDrive-GrinnellCollege/CollectionBuilder-Objects,32,dg_1712600267.pdf,/Users/mcfatem/Library/CloudStorage/OneDrive-GrinnellCollege/CollectionBuilder-Objects
43,grinnell_10567,None,39,dg_1712600267.pdf,/Users/mcfatem/Library/CloudStorage/OneDrive-GrinnellCollege/CollectionBuilder-Objects,38,dg_1712600267.jpeg,/Users/mcfatem/Library/CloudStorage/OneDrive-GrinnellCollege/CollectionBuilder-Objects/thumbs,38,dg_1712600267.jpeg,/Users/mcfatem/Library/CloudStorage/OneDrive-GrinnellCollege/CollectionBuilder-Objects/smalls
44,grinnell_23628,None,39,dg_1712600284.pdf,/Users/mcfatem/Library/CloudStorage/OneDrive-GrinnellCollege/CollectionBuilder-Objects,39,dg_1712600278.jpg,/Users/mcfatem/Library/CloudStorage/OneDrive-GrinnellCollege/CollectionBuilder-Objects,39,dg_1712600287.pdf,/Users/mcfatem/Library/CloudStorage/OneDrive-GrinnellCollege/CollectionBuilder-Objects
45,dg_1712600260,None,95,dg_1712600260.pdf,/Users/mcfatem/Library/CloudStorage/OneDrive-GrinnellCollege/CollectionBuilder-Objects,95,dg_1712600260.jpeg,/Users/mcfatem/Library/CloudStorage/OneDrive-GrinnellCollege/CollectionBuilder-Objects/thumbs,95,dg_1712600260.jpeg,/Users/mcfatem/Library/CloudStorage/OneDrive-GrinnellCollege/CollectionBuilder-Objects/smalls
46,grinnell_4977,None,27,dg_1712600278.jpg,/Users/mcfatem/Library/CloudStorage/OneDrive-GrinnellCollege/CollectionBuilder-Objects,27,dg_1712600287.pdf,/Users/mcfatem/Library/CloudStorage/OneDrive-GrinnellCollege/CollectionBuilder-Objects,27,dg_1712600270.jpg,/Users/mcfatem/Library/CloudStorage/OneDrive-GrinnellCollege/CollectionBuilder-Objects
47,dg_1712600268,None,95,dg_1712600268.pdf,/Users/mcfatem/Library/CloudStorage/OneDrive-GrinnellCollege/CollectionBuilder-Objects,95,dg_1712600268.jpeg,/Users/mcfatem/Library/CloudStorage/OneDrive-GrinnellCollege/CollectionBuilder-Objects/thumbs,95,dg_1712600268.jpeg,/Users/mcfatem/Library/CloudStorage/OneDrive-GrinnellCollege/CollectionBuilder-Objects/smalls
48,grinnell_5821,None,27,dg_1712600291.jpg,/Users/mcfatem/Library/CloudStorage/OneDrive-GrinnellCollege/CollectionBuilder-Objects,27,dg_1712600282.pdf,/Users/mcfatem/Library/CloudStorage/OneDrive-GrinnellCollege/CollectionBuilder-Objects,27,dg_1712600281.pdf,/Users/mcfatem/Library/CloudStorage/OneDrive-GrinnellCollege/CollectionBuilder-Objects
49,grinnell_23620,None,39,dg_1712600290.pdf,/Users/mcfatem/Library/CloudStorage/OneDrive-GrinnellCollege/CollectionBuilder-Objects,39,dg_1712600280.pdf,/Users/mcfatem/Library/CloudStorage/OneDrive-GrinnellCollege/CollectionBuilder-Objects,39,dg_1712600270.jpg,/Users/mcfatem/Library/CloudStorage/OneDrive-GrinnellCollege/CollectionBuilder-Objects
50,grinnell_23622,None,39,dg_1712600292.jpg,/Users/mcfatem/Library/CloudStorage/OneDrive-GrinnellCollege/CollectionBuilder-Objects,39,dg_1712600282.pdf,/Users/mcfatem/Library/CloudStorage/OneDrive-GrinnellCollege/CollectionBuilder-Objects,39,dg_1712600272.jpg,/Users/mcfatem/Library/CloudStorage/OneDrive-GrinnellCollege/CollectionBuilder-Objects
51,grinnell_12933,None,32,dg_1712600290.pdf,/Users/mcfatem/Library/CloudStorage/OneDrive-GrinnellCollege/CollectionBuilder-Objects,32,dg_1712600292.jpg,/Users/mcfatem/Library/CloudStorage/OneDrive-GrinnellCollege/CollectionBuilder-Objects,32,dg_1712600291.jpg,/Users/mcfatem/Library/CloudStorage/OneDrive-GrinnellCollege/CollectionBuilder-Objects
52,grinnell_5775,None,33,dg_1712600275.jpg,/Users/mcfatem/Library/CloudStorage/OneDrive-GrinnellCollege/CollectionBuilder-Objects,32,dg_1712600275.jpeg,/Users/mcfatem/Library/CloudStorage/OneDrive-GrinnellCollege/CollectionBuilder-Objects/thumbs,32,dg_1712600275.jpeg,/Users/mcfatem/Library/CloudStorage/OneDrive-GrinnellCollege/CollectionBuilder-Objects/smalls
53,grinnell_23648,None,32,dg_1712600284.pdf,/Users/mcfatem/Library/CloudStorage/OneDrive-GrinnellCollege/CollectionBuilder-Objects,32,dg_1712600278.jpg,/Users/mcfatem/Library/CloudStorage/OneDrive-GrinnellCollege/CollectionBuilder-Objects,32,dg_1712600287.pdf,/Users/mcfatem/Library/CloudStorage/OneDrive-GrinnellCollege/CollectionBuilder-Objects
54,grinnell_5894,None,27,dg_1712600284.pdf,/Users/mcfatem/Library/CloudStorage/OneDrive-GrinnellCollege/CollectionBuilder-Objects,27,dg_1712600259.pdf,/Users/mcfatem/Library/CloudStorage/OneDrive-GrinnellCollege/CollectionBuilder-Objects,20,dg_1712600290.pdf,/Users/mcfatem/Library/CloudStorage/OneDrive-GrinnellCollege/CollectionBuilder-Objects
55,grinnell_3610,None,27,dg_1712600284.pdf,/Users/mcfatem/Library/CloudStorage/OneDrive-GrinnellCollege/CollectionBuilder-Objects,27,dg_1712600290.pdf,/Users/mcfatem/Library/CloudStorage/OneDrive-GrinnellCollege/CollectionBuilder-Objects,27,dg_1712600292.jpg,/Users/mcfatem/Library/CloudStorage/OneDrive-GrinnellCollege/CollectionBuilder-Objects
56,grinnell_5161,None,33,dg_1712600291.jpg,/Users/mcfatem/Library/CloudStorage/OneDrive-GrinnellCollege/CollectionBuilder-Objects,33,dg_1712600281.pdf,/Users/mcfatem/Library/CloudStorage/OneDrive-GrinnellCollege/CollectionBuilder-Objects,33,dg_1712600271.jpg,/Users/mcfatem/Library/CloudStorage/OneDrive-GrinnellCollege/CollectionBuilder-Objects
57,grinnell_26673,None,39,dg_1712600267.pdf,/Users/mcfatem/Library/CloudStorage/OneDrive-GrinnellCollege/CollectionBuilder-Objects,39,dg_1712600273.jpg,/Users/mcfatem/Library/CloudStorage/OneDrive-GrinnellCollege/CollectionBuilder-Objects,39,dg_1712600263.pdf,/Users/mcfatem/Library/CloudStorage/OneDrive-GrinnellCollege/CollectionBuilder-Objects
58,grinnell_5577,None,27,dg_1712600278.jpg,/Users/mcfatem/Library/CloudStorage/OneDrive-GrinnellCollege/CollectionBuilder-Objects,27,dg_1712600287.pdf,/Users/mcfatem/Library/CloudStorage/OneDrive-GrinnellCollege/CollectionBuilder-Objects,27,dg_1712600279.pdf,/Users/mcfatem/Library/CloudStorage/OneDrive-GrinnellCollege/CollectionBuilder-Objects
59,grinnell_26760,None,39,dg_1712600270.jpg,/Users/mcfatem/Library/CloudStorage/OneDrive-GrinnellCollege/CollectionBuilder-Objects,39,dg_1712600260.pdf,/Users/mcfatem/Library/CloudStorage/OneDrive-GrinnellCollege/CollectionBuilder-Objects,39,dg_1712600276.jpg,/Users/mcfatem/Library/CloudStorage/OneDrive-GrinnellCollege/CollectionBuilder-Objects
60,dg_1711478420,None,53,dg_1712600284.pdf,/Users/mcfatem/Library/CloudStorage/OneDrive-GrinnellCollege/CollectionBuilder-Objects,53,dg_1712600290.pdf,/Users/mcfatem/Library/CloudStorage/OneDrive-GrinnellCollege/CollectionBuilder-Objects,53,dg_1712600292.jpg,/Users/mcfatem/Library/CloudStorage/OneDrive-GrinnellCollege/CollectionBuilder-Objects
61,grinnell_34002,None,32,dg_1712600284.pdf,/Users/mcfatem/Library/CloudStorage/OneDrive-GrinnellCollege/CollectionBuilder-Objects,32,dg_1712600290.pdf,/Users/mcfatem/Library/CloudStorage/OneDrive-GrinnellCollege/CollectionBuilder-Objects,32,dg_1712600292.jpg,/Users/mcfatem/Library/CloudStorage/OneDrive-GrinnellCollege/CollectionBuilder-Objects
62,grinnell_5291,None,33,dg_1712600291.jpg,/Users/mcfatem/Library/CloudStorage/OneDrive-GrinnellCollege/CollectionBuilder-Objects,32,dg_1712600291.jpeg,/Users/mcfatem/Library/CloudStorage/OneDrive-GrinnellCollege/CollectionBuilder-Objects/thumbs,32,dg_1712600291.jpeg,/Users/mcfatem/Library/CloudStorage/OneDrive-GrinnellCollege/CollectionBuilder-Objects/smalls
63,grinnell_17282,None,45,dg_1712600282.pdf,/Users/mcfatem/Library/CloudStorage/OneDrive-GrinnellCollege/CollectionBuilder-Objects,39,dg_1712600284.pdf,/Users/mcfatem/Library/CloudStorage/OneDrive-GrinnellCollege/CollectionBuilder-Objects,39,dg_1712600290.pdf,/Users/mcfatem/Library/CloudStorage/OneDrive-GrinnellCollege/CollectionBuilder-Objects
64,grinnell_5274,None,33,dg_1712600274.jpg,/Users/mcfatem/Library/CloudStorage/OneDrive-GrinnellCollege/CollectionBuilder-Objects,32,dg_1712600274.jpeg,/Users/mcfatem/Library/CloudStorage/OneDrive-GrinnellCollege/CollectionBuilder-Objects/thumbs,32,dg_1712600274.jpeg,/Users/mcfatem/Library/CloudStorage/OneDrive-GrinnellCollege/CollectionBuilder-Objects/smalls
65,grinnell_5047,None,27,dg_1712600284.pdf,/Users/mcfatem/Library/CloudStorage/OneDrive-GrinnellCollege/CollectionBuilder-Objects,27,dg_1712600278.jpg,/Users/mcfatem/Library/CloudStorage/OneDrive-GrinnellCollege/CollectionBuilder-Objects,27,dg_1712600287.pdf,/Users/mcfatem/Library/CloudStorage/OneDrive-GrinnellCollege/CollectionBuilder-Objects
66,dg_1712600272,None,95,dg_1712600272.jpg,/Users/mcfatem/Library/CloudStorage/OneDrive-GrinnellCollege/CollectionBuilder-Objects,95,dg_1712600272.jpeg,/Users/mcfatem/Library/CloudStorage/OneDrive-GrinnellCollege/CollectionBuilder-Objects/thumbs,95,dg_1712600272.jpeg,/Users/mcfatem/Library/CloudStorage/OneDrive-GrinnellCollege/CollectionBuilder-Objects/smalls
67,dg_1712600273,None,95,dg_1712600273.jpg,/Users/mcfatem/Library/CloudStorage/OneDrive-GrinnellCollege/CollectionBuilder-Objects,95,dg_1712600273.jpeg,/Users/mcfatem/Library/CloudStorage/OneDrive-GrinnellCollege/CollectionBuilder-Objects/thumbs,95,dg_1712600273.jpeg,/Users/mcfatem/Library/CloudStorage/OneDrive-GrinnellCollege/CollectionBuilder-Objects/smalls
68,grinnell_4963,None,27,dg_1712600283.pdf,/Users/mcfatem/Library/CloudStorage/OneDrive-GrinnellCollege/CollectionBuilder-Objects,27,dg_1712600273.jpg,/Users/mcfatem/Library/CloudStorage/OneDrive-GrinnellCollege/CollectionBuilder-Objects,27,dg_1712600263.pdf,/Users/mcfatem/Library/CloudStorage/OneDrive-GrinnellCollege/CollectionBuilder-Objects
69,grinnell_10610,None,39,dg_1712600260.pdf,/Users/mcfatem/Library/CloudStorage/OneDrive-GrinnellCollege/CollectionBuilder-Objects,39,dg_1712600261.pdf,/Users/mcfatem/Library/CloudStorage/OneDrive-GrinnellCollege/CollectionBuilder-Objects,38,dg_1712600261.jpeg,/Users/mcfatem/Library/CloudStorage/OneDrive-GrinnellCollege/CollectionBuilder-Objects/thumbs
70,grinnell_10611,None,39,dg_1712600261.pdf,/Users/mcfatem/Library/CloudStorage/OneDrive-GrinnellCollege/CollectionBuilder-Objects,38,dg_1712600261.jpeg,/Users/mcfatem/Library/CloudStorage/OneDrive-GrinnellCollege/CollectionBuilder-Objects/thumbs,38,dg_1712600261.jpeg,/Users/mcfatem/Library/CloudStorage/OneDrive-GrinnellCollege/CollectionBuilder-Objects/smalls
71,grinnell_10612,None,39,dg_1712600261.pdf,/Users/mcfatem/Library/CloudStorage/OneDrive-GrinnellCollege/CollectionBuilder-Objects,38,dg_1712600261.jpeg,/Users/mcfatem/Library/CloudStorage/OneDrive-GrinnellCollege/CollectionBuilder-Objects/thumbs,38,dg_1712600261.jpeg,/Users/mcfatem/Library/CloudStorage/OneDrive-GrinnellCollege/CollectionBuilder-Objects/smalls
72,dg_1712600269,None,95,dg_1712600269.jpg,/Users/mcfatem/Library/CloudStorage/OneDrive-GrinnellCollege/CollectionBuilder-Objects,95,dg_1712600269.jpeg,/Users/mcfatem/Library/CloudStorage/OneDrive-GrinnellCollege/CollectionBuilder-Objects/thumbs,95,dg_1712600269.jpg,/Users/mcfatem/Library/CloudStorage/OneDrive-GrinnellCollege/CollectionBuilder-Objects/thumbs
73,dg_1712600274,None,95,dg_1712600274.jpg,/Users/mcfatem/Library/CloudStorage/OneDrive-GrinnellCollege/CollectionBuilder-Objects,95,dg_1712600274.jpeg,/Users/mcfatem/Library/CloudStorage/OneDrive-GrinnellCollege/CollectionBuilder-Objects/thumbs,95,dg_1712600274.jpeg,/Users/mcfatem/Library/CloudStorage/OneDrive-GrinnellCollege/CollectionBuilder-Objects/smalls
74,dg_1712600275,None,95,dg_1712600275.jpg,/Users/mcfatem/Library/CloudStorage/OneDrive-GrinnellCollege/CollectionBuilder-Objects,95,dg_1712600275.jpeg,/Users/mcfatem/Library/CloudStorage/OneDrive-GrinnellCollege/CollectionBuilder-Objects/thumbs,95,dg_1712600275.jpeg,/Users/mcfatem/Library/CloudStorage/OneDrive-GrinnellCollege/CollectionBuilder-Objects/smalls
75,dg_1712600276,None,95,dg_1712600276.jpg,/Users/mcfatem/Library/CloudStorage/OneDrive-GrinnellCollege/CollectionBuilder-Objects,95,dg_1712600276.jpeg,/Users/mcfatem/Library/CloudStorage/OneDrive-GrinnellCollege/CollectionBuilder-Objects/thumbs,95,dg_1712600276.jpeg,/Users/mcfatem/Library/CloudStorage/OneDrive-GrinnellCollege/CollectionBuilder-Objects/smalls
76,grinnell_1890,None,33,dg_1712600290.pdf,/Users/mcfatem/Library/CloudStorage/OneDrive-GrinnellCollege/CollectionBuilder-Objects,33,dg_1712600280.pdf,/Users/mcfatem/Library/CloudStorage/OneDrive-GrinnellCollege/CollectionBuilder-Objects,27,dg_1712600284.pdf,/Users/mcfatem/Library/CloudStorage/OneDrive-GrinnellCollege/CollectionBuilder-Objects
77,grinnell_10568,None,39,dg_1712600268.pdf,/Users/mcfatem/Library/CloudStorage/OneDrive-GrinnellCollege/CollectionBuilder-Objects,38,dg_1712600268.jpeg,/Users/mcfatem/Library/CloudStorage/OneDrive-GrinnellCollege/CollectionBuilder-Objects/thumbs,38,dg_1712600268.jpeg,/Users/mcfatem/Library/CloudStorage/OneDrive-GrinnellCollege/CollectionBuilder-Objects/smalls
78,grinnell_31972,None,32,dg_1712600284.pdf,/Users/mcfatem/Library/CloudStorage/OneDrive-GrinnellCollege/CollectionBuilder-Objects,32,dg_1712600292.jpg,/Users/mcfatem/Library/CloudStorage/OneDrive-GrinnellCollege/CollectionBuilder-Objects,32,dg_1712600278.jpg,/Users/mcfatem/Library/CloudStorage/OneDrive-GrinnellCollege/CollectionBuilder-Objects
79,dg_1712600291,None,95,dg_1712600291.jpg,/Users/mcfatem/Library/CloudStorage/OneDrive-GrinnellCollege/CollectionBuilder-Objects,95,dg_1712600291.jpeg,/Users/mcfatem/Library/CloudStorage/OneDrive-GrinnellCollege/CollectionBuilder-Objects/thumbs,95,dg_1712600291.jpeg,/Users/mcfatem/Library/CloudStorage/OneDrive-GrinnellCollege/CollectionBuilder-Objects/smalls
80,grinnell_31973,None,32,dg_1712600273.jpg,/Users/mcfatem/Library/CloudStorage/OneDrive-GrinnellCollege/CollectionBuilder-Objects,31,dg_1712600273.jpeg,/Users/mcfatem/Library/CloudStorage/OneDrive-GrinnellCollege/CollectionBuilder-Objects/thumbs,31,dg_1712600273.jpeg,/Users/mcfatem/Library/CloudStorage/OneDrive-GrinnellCollege/CollectionBuilder-Objects/smalls
81,grinnell_19465,None,32,dg_1712600265.pdf,/Users/mcfatem/Library/CloudStorage/OneDrive-GrinnellCollege/CollectionBuilder-Objects,32,dg_1712600275.jpg,/Users/mcfatem/Library/CloudStorage/OneDrive-GrinnellCollege/CollectionBuilder-Objects,31,dg_1712600265.jpeg,/Users/mcfatem/Library/CloudStorage/OneDrive-GrinnellCollege/CollectionBuilder-Objects/thumbs
82,grinnell_23385,None,26,dg_1712600284.pdf,/Users/mcfatem/Library/CloudStorage/OneDrive-GrinnellCollege/CollectionBuilder-Objects,26,dg_1712600278.jpg,/Users/mcfatem/Library/CloudStorage/OneDrive-GrinnellCollege/CollectionBuilder-Objects,26,dg_1712600287.pdf,/Users/mcfatem/Library/CloudStorage/OneDrive-GrinnellCollege/CollectionBuilder-Objects
83,grinnell_17283,None,45,dg_1712600283.pdf,/Users/mcfatem/Library/CloudStorage/OneDrive-GrinnellCollege/CollectionBuilder-Objects,39,dg_1712600284.pdf,/Users/mcfatem/Library/CloudStorage/OneDrive-GrinnellCollege/CollectionBuilder-Objects,39,dg_1712600278.jpg,/Users/mcfatem/Library/CloudStorage/OneDrive-GrinnellCollege/CollectionBuilder-Objects
84,grinnell_17284,None,45,dg_1712600284.pdf,/Users/mcfatem/Library/CloudStorage/OneDrive-GrinnellCollege/CollectionBuilder-Objects,39,dg_1712600278.jpg,/Users/mcfatem/Library/CloudStorage/OneDrive-GrinnellCollege/CollectionBuilder-Objects,39,dg_1712600287.pdf,/Users/mcfatem/Library/CloudStorage/OneDrive-GrinnellCollege/CollectionBuilder-Objects
85,grinnell_34465,None,26,dg_1712600265.pdf,/Users/mcfatem/Library/CloudStorage/OneDrive-GrinnellCollege/CollectionBuilder-Objects,26,dg_1712600259.pdf,/Users/mcfatem/Library/CloudStorage/OneDrive-GrinnellCollege/CollectionBuilder-Objects,26,dg_1712600275.jpg,/Users/mcfatem/Library/CloudStorage/OneDrive-GrinnellCollege/CollectionBuilder-Objects
86,dg_1712600271,None,95,dg_1712600271.jpg,/Users/mcfatem/Library/CloudStorage/OneDrive-GrinnellCollege/CollectionBuilder-Objects,95,dg_1712600271.jpeg,/Users/mcfatem/Library/CloudStorage/OneDrive-GrinnellCollege/CollectionBuilder-Objects/thumbs,95,dg_1712600271.jpeg,/Users/mcfatem/Library/CloudStorage/OneDrive-GrinnellCollege/CollectionBuilder-Objects/smalls
87,dg_1712600286,None,80,dg_1712600284.pdf,/Users/mcfatem/Library/CloudStorage/OneDrive-GrinnellCollege/CollectionBuilder-Objects,80,dg_1712600278.jpg,/Users/mcfatem/Library/CloudStorage/OneDrive-GrinnellCollege/CollectionBuilder-Objects,80,dg_1712600287.pdf,/Users/mcfatem/Library/CloudStorage/OneDrive-GrinnellCollege/CollectionBuilder-Objects
88,dg_1712600289,None,80,dg_1712600284.pdf,/Users/mcfatem/Library/CloudStorage/OneDrive-GrinnellCollege/CollectionBuilder-Objects,80,dg_1712600290.pdf,/Users/mcfatem/Library/CloudStorage/OneDrive-GrinnellCollege/CollectionBuilder-Objects,80,dg_1712600292.jpg,/Users/mcfatem/Library/CloudStorage/OneDrive-GrinnellCollege/CollectionBuilder-Objects
89,grinnell_5276,None,33,dg_1712600276.jpg,/Users/mcfatem/Library/CloudStorage/OneDrive-GrinnellCollege/CollectionBuilder-Objects,32,dg_1712600276.jpeg,/Users/mcfatem/Library/CloudStorage/OneDrive-GrinnellCollege/CollectionBuilder-Objects/thumbs,32,dg_1712600276.jpeg,/Users/mcfatem/Library/CloudStorage/OneDrive-GrinnellCollege/CollectionBuilder-Objects/smalls
90,grinnell_23551,None,26,dg_1712600291.jpg,/Users/mcfatem/Library/CloudStorage/OneDrive-GrinnellCollege/CollectionBuilder-Objects,26,dg_1712600283.pdf,/Users/mcfatem/Library/CloudStorage/OneDrive-GrinnellCollege/CollectionBuilder-Objects,26,dg_1712600281.pdf,/Users/mcfatem/Library/CloudStorage/OneDrive-GrinnellCollege/CollectionBuilder-Objects
91,grinnell_23553,None,26,dg_1712600283.pdf,/Users/mcfatem/Library/CloudStorage/OneDrive-GrinnellCollege/CollectionBuilder-Objects,26,dg_1712600265.pdf,/Users/mcfatem/Library/CloudStorage/OneDrive-GrinnellCollege/CollectionBuilder-Objects,26,dg_1712600259.pdf,/Users/mcfatem/Library/CloudStorage/OneDrive-GrinnellCollege/CollectionBuilder-Objects
92,grinnell_20022,None,45,dg_1712600292.jpg,/Users/mcfatem/Library/CloudStorage/OneDrive-GrinnellCollege/CollectionBuilder-Objects,45,dg_1712600282.pdf,/Users/mcfatem/Library/CloudStorage/OneDrive-GrinnellCollege/CollectionBuilder-Objects,45,dg_1712600272.jpg,/Users/mcfatem/Library/CloudStorage/OneDrive-GrinnellCollege/CollectionBuilder-Objects
93,grinnell_5001,None,33,dg_1712600291.jpg,/Users/mcfatem/Library/CloudStorage/OneDrive-GrinnellCollege/CollectionBuilder-Objects,33,dg_1712600281.pdf,/Users/mcfatem/Library/CloudStorage/OneDrive-GrinnellCollege/CollectionBuilder-Objects,33,dg_1712600271.jpg,/Users/mcfatem/Library/CloudStorage/OneDrive-GrinnellCollege/CollectionBuilder-Objects
94,grinnell_26787,None,39,dg_1712600278.jpg,/Users/mcfatem/Library/CloudStorage/OneDrive-GrinnellCollege/CollectionBuilder-Objects,39,dg_1712600287.pdf,/Users/mcfatem/Library/CloudStorage/OneDrive-GrinnellCollege/CollectionBuilder-Objects,38,dg_1712600278.jpeg,/Users/mcfatem/Library/CloudStorage/OneDrive-GrinnellCollege/CollectionBuilder-Objects/thumbs
95,grinnell_34345,None,20,scholarship.jpg,/Users/mcfatem/Library/CloudStorage/OneDrive-GrinnellCollege/CollectionBuilder-Objects/thumbs,19,dg_1712600284.pdf,/Users/mcfatem/Library/CloudStorage/OneDrive-GrinnellCollege/CollectionBuilder-Objects,19,dg_1712600283.pdf,/Users/mcfatem/Library/CloudStorage/OneDrive-GrinnellCollege/CollectionBuilder-Objects
96,grinnell_34341,None,20,scholarship.jpg,/Users/mcfatem/Library/CloudStorage/OneDrive-GrinnellCollege/CollectionBuilder-Objects/thumbs,19,dg_1712600284.pdf,/Users/mcfatem/Library/CloudStorage/OneDrive-GrinnellCollege/CollectionBuilder-Objects,19,dg_1712600290.pdf,/Users/mcfatem/Library/CloudStorage/OneDrive-GrinnellCollege/CollectionBuilder-Objects
97,grinnell_33987,None,26,dg_1712600287.pdf,/Users/mcfatem/Library/CloudStorage/OneDrive-GrinnellCollege/CollectionBuilder-Objects,20,scholarship.jpg,/Users/mcfatem/Library/CloudStorage/OneDrive-GrinnellCollege/CollectionBuilder-Objects/thumbs,19,dg_1712600284.pdf,/Users/mcfatem/Library/CloudStorage/OneDrive-GrinnellCollege/CollectionBuilder-Objects
98,grinnell_12935,None,32,dg_1712600290.pdf,/Users/mcfatem/Library/CloudStorage/OneDrive-GrinnellCollege/CollectionBuilder-Objects,32,dg_1712600292.jpg,/Users/mcfatem/Library/CloudStorage/OneDrive-GrinnellCollege/CollectionBuilder-Objects,32,dg_1712600291.jpg,/Users/mcfatem/Library/CloudStorage/OneDrive-GrinnellCollege/CollectionBuilder-Objects
99,grinnell_12919,None,39,dg_1712600291.jpg,/Users/mcfatem/Library/CloudStorage/OneDrive-GrinnellCollege/CollectionBuilder-Objects,38,dg_1712600291.jpeg,/Users/mcfatem/Library/CloudStorage/OneDrive-GrinnellCollege/CollectionBuilder-Objects/thumbs,38,dg_1712600291.jpeg,/Users/mcfatem/Library/CloudStorage/OneDrive-GrinnellCollege/CollectionBuilder-Objects/smalls
100,grinnell_12920,None,39,dg_1712600290.pdf,/Users/mcfatem/Library/CloudStorage/OneDrive-GrinnellCollege/CollectionBuilder-Objects,39,dg_1712600292.jpg,/Users/mcfatem/Library/CloudStorage/OneDrive-GrinnellCollege/CollectionBuilder-Objects,39,dg_1712600280.pdf,/Users/mcfatem/Library/CloudStorage/OneDrive-GrinnellCollege/CollectionBuilder-Objects
101,grinnell_5002,None,33,dg_1712600284.pdf,/Users/mcfatem/Library/CloudStorage/OneDrive-GrinnellCollege/CollectionBuilder-Objects,33,dg_1712600290.pdf,/Users/mcfatem/Library/CloudStorage/OneDrive-GrinnellCollege/CollectionBuilder-Objects,33,dg_1712600292.jpg,/Users/mcfatem/Library/CloudStorage/OneDrive-GrinnellCollege/CollectionBuilder-Objects
102,grinnell_5555,None,20,dg_1712600265.pdf,/Users/mcfatem/Library/CloudStorage/OneDrive-GrinnellCollege/CollectionBuilder-Objects,20,dg_1712600259.pdf,/Users/mcfatem/Library/CloudStorage/OneDrive-GrinnellCollege/CollectionBuilder-Objects,20,dg_1712600275.jpg,/Users/mcfatem/Library/CloudStorage/OneDrive-GrinnellCollege/CollectionBuilder-Objects
103,grinnell_4960,None,27,dg_1712600284.pdf,/Users/mcfatem/Library/CloudStorage/OneDrive-GrinnellCollege/CollectionBuilder-Objects,27,dg_1712600290.pdf,/Users/mcfatem/Library/CloudStorage/OneDrive-GrinnellCollege/CollectionBuilder-Objects,27,dg_1712600292.jpg,/Users/mcfatem/Library/CloudStorage/OneDrive-GrinnellCollege/CollectionBuilder-Objects
104,dg_1712600270,None,95,dg_1712600270.jpg,/Users/mcfatem/Library/CloudStorage/OneDrive-GrinnellCollege/CollectionBuilder-Objects,95,dg_1712600270.jpeg,/Users/mcfatem/Library/CloudStorage/OneDrive-GrinnellCollege/CollectionBuilder-Objects/thumbs,95,dg_1712600270.jpeg,/Users/mcfatem/Library/CloudStorage/OneDrive-GrinnellCollege/CollectionBuilder-Objects/smalls
105,grinnell_5292,None,33,dg_1712600292.jpg,/Users/mcfatem/Library/CloudStorage/OneDrive-GrinnellCollege/CollectionBuilder-Objects,32,dg_1712600292.jpeg,/Users/mcfatem/Library/CloudStorage/OneDrive-GrinnellCollege/CollectionBuilder-Objects/thumbs,32,dg_1712600292.jpeg,/Users/mcfatem/Library/CloudStorage/OneDrive-GrinnellCollege/CollectionBuilder-Objects/smalls
106,grinnell_4961,None,27,dg_1712600291.jpg,/Users/mcfatem/Library/CloudStorage/OneDrive-GrinnellCollege/CollectionBuilder-Objects,27,dg_1712600281.pdf,/Users/mcfatem/Library/CloudStorage/OneDrive-GrinnellCollege/CollectionBuilder-Objects,27,dg_1712600271.jpg,/Users/mcfatem/Library/CloudStorage/OneDrive-GrinnellCollege/CollectionBuilder-Objects
107,,None,0,NO match,NO match
108,grinnell_10397,None,32,dg_1712600290.pdf,/Users/mcfatem/Library/CloudStorage/OneDrive-GrinnellCollege/CollectionBuilder-Objects,32,dg_1712600292.jpg,/Users/mcfatem/Library/CloudStorage/OneDrive-GrinnellCollege/CollectionBuilder-Objects,32,dg_1712600278.jpg,/Users/mcfatem/Library/CloudStorage/OneDrive-GrinnellCollege/CollectionBuilder-Objects
109,grinnell_10398,None,32,dg_1712600284.pdf,/Users/mcfatem/Library/CloudStorage/OneDrive-GrinnellCollege/CollectionBuilder-Objects,32,dg_1712600290.pdf,/Users/mcfatem/Library/CloudStorage/OneDrive-GrinnellCollege/CollectionBuilder-Objects,32,dg_1712600292.jpg,/Users/mcfatem/Library/CloudStorage/OneDrive-GrinnellCollege/CollectionBuilder-Objects
110,grinnell_10395,None,32,dg_1712600290.pdf,/Users/mcfatem/Library/CloudStorage/OneDrive-GrinnellCollege/CollectionBuilder-Objects,32,dg_1712600292.jpg,/Users/mcfatem/Library/CloudStorage/OneDrive-GrinnellCollege/CollectionBuilder-Objects,32,dg_1712600291.jpg,/Users/mcfatem/Library/CloudStorage/OneDrive-GrinnellCollege/CollectionBuilder-Objects
111,grinnell_5105,None,27,dg_1712600284.pdf,/Users/mcfatem/Library/CloudStorage/OneDrive-GrinnellCollege/CollectionBuilder-Objects,27,dg_1712600290.pdf,/Users/mcfatem/Library/CloudStorage/OneDrive-GrinnellCollege/CollectionBuilder-Objects,27,dg_1712600292.jpg,/Users/mcfatem/Library/CloudStorage/OneDrive-GrinnellCollege/CollectionBuilder-Objects
